core_id,n,alpha,threads,test_position,program_exc_cycles,branch_hit,valid_interrupt,executed_instruction_packet,L1D_load/store_miss,L1D_load/store_hit,L1P_read_miss,L1P_read_hit,DP_dispatch_stall_duration,VM,SMC,program_stall_cycle,valid_NOP_cycle,valid_non-NOP_cycle,exception_count,SIEU,SMAC1, SMAC2, SBR, SLD, VIEU, VMAC1, VMAC2, VMAC3, VLS0 , VLS1 ,hotspot_function_clock_cycle,device_exc_time
1,41943040,3.14,1,Difference,129051217,5461355,26,38349195,0,0,75,34033041,5082275,491520,33072566,38647222,52070581,38312568,0,5780764,4237604,5311633,18377121,7112918,0,2293760,0,327680,6393735,2293894,127201538,0.075796
1,47185920,3.14,1,Difference,145056414,6140443,26,43113469,0,0,85,38268501,5710884,552960,37079045,43342474,58546507,43075624,0,6496870,4772565,5977449,20661767,8003751,0,2580480,0,368640,7192935,2580614,143143921,0.084602
1,52428800,3.14,1,Difference,160485542,6799038,26,47755489,0,0,85,42395777,6330134,614400,40980858,47926694,64826869,47720992,0,7194373,5264187,6589815,22877945,8831909,0,2867200,0,409600,7992137,2867336,158733492,0.092758
1,57671680,3.14,1,Difference,176934283,7488775,26,52579609,0,0,75,46690283,6970647,675840,45322379,52968032,71391318,52528864,0,7922138,5837609,7293349,25184553,9768786,0,3153920,0,450560,8791337,3154056,174927089,0.101993
1,62914560,3.14,1,Difference,192186091,8150871,26,57253279,0,0,75,50830616,7586741,737280,48834333,57160040,77719645,57215801,0,8620358,6304690,7891962,27429876,10578562,0,3440640,0,491520,9590535,3440774,190353360,0.110563
1,68157440,3.14,1,Difference,208716017,8844526,26,62102609,0,0,87,55140034,8226633,798720,53167246,62179035,84318163,62043193,0,9349863,6908912,8627899,29744066,11548526,0,3727360,0,532480,10389735,3727494,206637216,0.120077
1,73400320,3.14,1,Difference,223923587,9501426,26,66736746,0,0,97,59266304,8844540,860160,56863087,66567394,90605094,66698491,0,10045478,7370149,9214320,31984745,12349556,0,4014080,0,573440,11188936,4014215,222120412,0.128438
1,78643200,3.14,1,Difference,239898591,10180118,26,71502504,0,0,75,63500884,9473749,921600,60846400,71242330,97082740,71465393,0,10762508,7894911,9871309,34261917,13230523,0,4300800,0,614400,11988135,4300934,238012876,0.138053
1,83886080,3.14,1,Difference,255727879,10854512,26,76240815,0,0,75,67713858,10102458,983040,64907671,75996638,103519957,76206311,0,11476468,8424419,10529834,36533363,14112194,0,4587520,0,655360,12787335,4587654,253850593,0.146146
1,89128960,3.14,1,Difference,272410126,11530969,26,81004378,0,0,83,71941532,10729952,1044480,69641503,81415951,109971929,80967409,0,12205790,8928863,11167765,38822011,14973070,0,4874240,0,696320,13586535,4874374,269652035,0.15672
1,94371840,3.14,1,Difference,287429900,12203079,26,85708142,0,0,112,76131211,11359380,1105920,72806076,85271031,116363542,85660491,0,12913758,9461359,11820405,41072631,15850247,0,5160960,0,737280,14385736,5161095,285547351,0.163632
1,99614720,3.14,1,Difference,303224477,12875652,26,90436167,0,0,85,80340240,11988297,1167360,76787066,89950378,122797766,90398503,0,13609353,9994636,12482349,43333599,16735326,0,5447680,0,778240,15184937,5447816,301386776,0.172448
1,104857600,3.14,1,Difference,319458880,13558880,26,95223081,0,0,119,84607934,12621669,1228800,81068864,94922603,129322086,95186540,0,14336526,10534079,13152046,45635776,17635863,0,5734400,0,819200,15984136,5734535,317451172,0.18131
1,110100480,3.14,1,Difference,335006303,14225803,26,99917899,0,0,75,88774362,13246447,1290240,84855502,99393309,135681807,99881566,0,15035953,11058533,13803464,47877874,18504710,0,6021120,0,860160,16783336,6021255,333178763,0.189992
1,115343360,3.14,1,Difference,350819285,14901186,26,104658604,0,0,85,92991673,13873957,1351680,88780525,104015498,142124897,104622994,0,15748319,11580566,14453993,50151278,19379494,0,6307840,0,901120,17582535,6307974,349023231,0.198776
1,120586240,3.14,1,Difference,366718323,15577060,26,109403683,0,0,85,97213116,14504875,1413120,92805606,108724099,148573157,109367097,0,16461957,12095631,15097454,52424539,20247819,0,6594560,0,942080,18381735,6594694,364927807,0.207533
1,125829120,3.14,1,Difference,382785423,16257636,26,114182004,0,0,86,101455158,15135375,1474560,96870630,113479266,155053883,114133166,0,17179442,12628473,15760801,54707702,21136118,0,6881280,0,983040,19180935,6881414,380827823,0.21645
1,131072000,3.14,1,Difference,398363963,16922963,26,118859366,0,0,96,105622364,15760626,1536000,100758570,118055289,161410586,118822339,0,17883656,13152927,16409689,56979879,22005628,0,7168000,0,1024000,19980136,7168135,396581281,0.225008
1,136314880,3.14,1,Difference,414336390,17603474,26,123638383,0,0,86,109864074,16387869,1597440,104729358,122714808,167903940,123600593,0,18600710,13661635,17052760,59247004,22872233,0,7454720,0,1064960,20779370,7454889,412447483,0.234196
1,141557760,3.14,1,Difference,430350061,18284991,26,128412391,0,0,85,114114136,17023289,1658880,108822153,127504631,174402274,128372514,0,19320965,14208199,17728719,61536671,23776882,0,7741440,0,1105920,21578570,7741609,428437700,0.243127
1,146800640,3.14,1,Difference,446088692,18955155,26,133129052,0,0,103,118308352,17646632,1720320,112767249,132138644,180803973,133092922,0,20042383,14720267,18369271,63812879,24637662,0,8028160,0,1146880,22377735,8028294,444197836,0.251835
1,152043520,3.14,1,Difference,461835644,19625235,26,137837210,0,0,87,122497260,18276054,1781760,116672956,136730449,187192859,137799354,0,20738303,15239359,19013482,66062411,25504732,0,8314880,0,1187840,23176937,8315016,460030825,0.260721
1,157286400,3.14,1,Difference,477915986,20301311,26,142584781,0,0,99,126715018,18903825,1843200,120919159,141666204,193624233,142534049,0,21451602,15781673,19681577,68335461,26396746,0,8601600,0,1228800,23976137,8601736,475902062,0.269198
1,162529280,3.14,1,Difference,493718775,20980661,26,147351817,0,0,128,130957576,19533967,1904640,124738044,146182236,200127119,147315054,0,22185008,16317703,20352404,70615831,27292750,0,8888320,0,1269760,24775337,8888456,491833737,0.278298
1,167772160,3.14,1,Difference,509593568,21657920,26,152108867,0,0,112,135178691,20159978,1966080,128671838,150797725,206571778,152060781,0,22883520,16815563,20979846,72892786,28142300,0,9175040,0,1310720,25574535,9175174,507609499,0.287087
1,173015040,3.14,1,Difference,525394000,22328475,26,156816660,0,0,86,139378344,20793396,2027520,132761923,155582667,212984900,156779195,0,23591822,17369312,21657975,75147561,29047087,0,9461760,0,1351680,26373769,9461928,523576877,0.295781
1,178257920,3.14,1,Difference,541308187,23005985,26,161576491,0,0,85,143605090,21420119,2088960,136734614,160243868,219448479,161538602,0,24306985,17881437,22302169,77429525,29913938,0,9748480,0,1392640,27172936,9748615,539397733,0.304705
1,183500800,3.14,1,Difference,557165887,23680118,26,166304504,0,0,82,147820202,22052283,2150400,140746719,164948410,225882453,166268046,0,25018284,18407020,22952676,79696412,30791581,0,10035200,0,1433600,27972135,10035334,555378760,0.313319
1,188743680,3.14,1,Difference,573385726,24366553,26,171110146,0,0,75,152099624,22688246,2211840,144909896,169809833,232433834,171072374,0,25742266,18994093,23672264,82005338,31742071,0,10321920,0,1474560,28771337,10322056,571493859,0.322603
1,193986560,3.14,1,Difference,588889247,25029928,26,175784124,0,0,85,156250686,23309043,2273280,148714189,174297296,238759988,175746820,0,26441990,19483156,24285962,84239267,32572279,0,10608640,0,1515520,29570537,10608776,587101374,0.330897
1,199229440,3.14,1,Difference,605172559,25720274,26,180611647,0,0,75,160555271,23951338,2334720,152907087,179193711,245355988,180575643,0,27172636,20019977,24956190,86563500,33477147,0,10895360,0,1556480,30369737,10895496,603277988,0.34026
1,204472320,3.14,1,Difference,620674973,26358319,26,185157034,0,0,75,164547922,24546840,2396160,157098804,184041022,251403942,185107172,0,27849122,20689051,25746473,88706505,34458349,0,11182080,0,1597440,31168935,11182214,618732380,0.348646
1,209715200,3.14,1,Difference,636380753,27030527,26,189883466,0,0,86,168717129,25160242,2457600,160757084,188372494,257775340,189826963,0,28551208,21097005,26290197,90963917,35211435,0,11468800,0,1638400,31968169,11468968,634104995,0.35784
1,214958080,3.14,1,Difference,652710407,27718454,26,194709591,0,0,96,173022286,25804467,2519040,165197732,193519878,264366978,194644649,0,29302661,21796971,27119783,93284526,36278956,0,11755520,0,1679360,32767336,11755655,650665117,0.366633
1,220200960,3.14,1,Difference,667865781,28373764,26,199338589,0,0,75,177139432,26419954,2580480,168849827,197850213,270649268,199302214,0,29976985,22227058,27676816,95509348,37047306,0,12042240,0,1720320,33566569,12042408,665973295,0.375067
1,225443840,3.14,1,Difference,683544363,29038953,26,204030631,0,0,75,181294966,27037753,2641920,172822646,202514238,276990997,203995208,0,30680479,22744514,28323730,97752761,37907445,0,12328960,0,1761280,34365737,12329096,681625117,0.383826
1,230686720,3.14,1,Difference,699109392,29701975,26,208710373,0,0,75,185440015,27655069,2703360,176685733,207043359,283310279,208673496,0,31379907,23237258,28944294,99987041,38740453,0,12615680,0,1802240,35164937,12615816,697211582,0.392494
1,235929600,3.14,1,Difference,714868610,30356500,26,213347754,0,0,94,189531944,28263506,2764800,180894399,211922447,289544130,213310872,0,32071221,23895288,29731026,102197882,39730310,0,12902400,0,1843200,35964137,12902536,712990784,0.401156
1,241172480,3.14,1,Difference,730536166,31023167,26,218045507,0,0,86,193698057,28884631,2826240,184812645,216523683,295901840,218009069,0,32775640,24405458,30369429,104444758,40584703,0,13189120,0,1884160,36763369,13189288,728650444,0.409789
1,246415360,3.14,1,Difference,746197034,31690734,26,222751589,0,0,108,197869313,29504730,2887680,188742214,221133977,302266104,222713085,0,33498161,24900875,30994001,106697915,41424956,0,13475840,0,1925120,37562568,13476007,744302998,0.418718
1,251658240,3.14,1,Difference,762461534,32377806,26,227551876,0,0,95,202159788,30144356,2949120,192983899,226076341,308829123,227515354,0,34208884,25509496,31731253,109015837,42398386,0,13762560,0,1966080,38361768,13762727,760575701,0.427588
1,256901120,3.14,1,Difference,778173019,33039804,26,232206726,0,0,75,206305870,30772202,3010560,196998396,230781267,315138932,232170584,0,34906952,26078851,32419202,111226711,43307320,0,14049280,0,2007040,39160968,14049447,776441862,0.435594
1,262144000,3.14,1,Difference,793454199,33697624,26,236881518,0,0,86,210405474,31373433,3072000,200647769,235092753,321400435,236841373,0,35601684,26473241,32952116,113453622,44036127,0,14336000,0,2048000,39960137,14336136,791522771,0.444852
1,267386880,3.14,1,Difference,809474524,34376206,26,241638412,0,0,112,214644718,32006237,3133440,204771115,239911763,327881108,241601209,0,36316661,27078803,33686300,115763121,44998037,0,14622720,0,2088960,40759370,14622889,807615642,0.453662
1,272629760,3.14,1,Difference,825051370,35017282,26,246203070,0,0,85,218657642,32604803,3194880,209035762,244836499,333962075,246153021,0,36999101,27687181,34417438,117892215,45922049,0,14909440,0,2129920,41558537,14909576,823092957,0.461868
1,277872640,3.14,1,Difference,840616172,35681358,26,250889630,0,0,75,222807342,33222728,3256320,212958536,249464921,340297954,250845587,0,37703102,28165245,35024688,120134597,46742212,0,15196160,0,2170880,42357769,15196328,838619344,0.470884
1,283115520,3.14,1,Difference,856727314,36369312,26,255702261,0,0,75,227100040,33860667,3317760,216952668,254130848,346881921,255665499,0,38425909,28733797,35727769,122459259,47678723,0,15482880,0,2211840,43156968,15483047,854817960,0.480059
1,288358400,3.14,1,Difference,872239281,37028075,26,260361045,0,0,75,231219543,34472824,3379200,220852554,258706389,353160499,260324973,0,39122161,29297272,36419654,124681693,48578551,0,15769600,0,2252800,43956136,15769735,870342660,0.488641
1,293601280,3.14,1,Difference,887994684,37696315,26,265063560,0,0,82,235395720,35096185,3440640,224808739,263348730,359533134,265028578,0,39828987,29817568,37066974,126933160,49444889,0,16056320,0,2293760,44755370,16056489,886119194,0.497244
1,298844160,3.14,1,Difference,903807933,38366781,26,269770305,0,0,86,239591192,35726739,3502080,228854951,268083392,365929807,269736582,0,40535710,30340180,37713099,129186658,50315259,0,16343040,0,2334720,45554568,16343207,902027379,0.505821
1,304087040,3.14,1,Difference,919433919,39019269,26,274407888,0,0,125,243668335,36326976,3563520,233006612,272897282,372144787,274372327,0,41245119,31002435,38507754,131395391,51307396,0,16629760,0,2375680,46353737,16629896,917617189,0.514408
1,309329920,3.14,1,Difference,934868192,39677872,26,279064796,0,0,96,247785342,36939764,3624960,236799195,277363507,378418864,279028779,0,41945177,31443433,39076831,133617264,52084319,0,16916480,0,2416640,47152937,16916616,933048421,0.524094
1,314572800,3.14,1,Difference,950879516,40355324,26,283821824,0,0,75,252023016,37572376,3686400,241133572,282393463,384935829,283820594,0,42646840,32011691,39778930,135915647,53012939,0,17203200,0,2457600,47952137,17203336,949068538,0.532395
1,319815680,3.14,1,Difference,966922110,41037319,26,288598959,0,0,75,256269210,38205604,3747840,244955708,286908931,391391083,288561955,0,43357299,32567830,40461734,138190864,53922812,0,17489920,0,2498560,48751336,17490055,965030766,0.541461
1,325058560,3.14,1,Difference,982416607,41696143,26,293259472,0,0,99,260388342,38816968,3809280,248843658,291470195,397670248,293222746,0,44054473,33063029,41085704,140433758,54754182,0,17776640,0,2539520,49550569,17776808,980523851,0.549792
1,330301440,3.14,1,Difference,998196188,42367861,26,297977031,0,0,86,264587298,39444580,3870720,252848644,296164680,404076818,297939950,0,44762967,33576379,41724559,142671988,55616662,0,18063360,0,2580480,50349737,18063496,996390213,0.558321
1,335544320,3.14,1,Difference,1013785529,43027913,26,302639726,0,0,75,268716113,40061122,3932160,256764586,300757320,410368130,302603142,0,45461375,34072668,42347838,144898047,56450406,0,18350080,0,2621440,51148937,18350216,1011948969,0.566753
1,340787200,3.14,1,Difference,1029456729,43684660,26,307304845,0,0,75,272812315,40661621,3993600,260825138,305491918,416623795,307267466,0,46155470,34694517,43106448,147122722,57406551,0,18636800,0,2662400,51948135,18636934,1027500145,0.575898
1,346030080,3.14,1,Difference,1044865821,44338893,26,311923047,0,0,83,276915317,41281728,4055040,264771551,310108811,422858992,311886230,0,46848430,35221028,43751868,149323981,58265283,0,18923520,0,2703360,52747368,18923687,1043118542,0.585329
1,351272960,3.14,1,Difference,1060842069,45016348,26,316686463,0,0,120,281138346,41905101,4116480,268765402,314796926,429322988,316651003,0,47584934,35757319,44423202,151616601,59156125,0,19210240,0,2744320,53546569,19210408,1058935828,0.593379
1,356515840,3.14,1,Difference,1076767751,45685832,26,321390642,0,0,84,285321993,42533714,4177920,272925505,319636328,435687944,321341319,0,48270204,36297827,45084963,153847894,60040429,0,19496960,0,2785280,54345737,19497096,1074860683,0.60172
1,361758720,3.14,1,Difference,1092339645,46353669,26,326096929,0,0,85,289496670,43153791,4239360,276709297,324107551,442074850,326060113,0,48974865,36826988,45746430,156110887,60917913,0,19783680,0,2826240,55144969,19783848,1090527265,0.610628
1,367001600,3.14,1,Difference,1108804363,47046827,26,330933273,0,0,85,293824664,43800524,4300800,281142229,329244511,448702991,330899603,0,49709817,37441529,46491205,158441126,61904453,0,20070400,0,2867200,55944170,20070569,1106962043,0.619908
1,372244480,3.14,1,Difference,1124013814,47685265,26,335495042,0,0,75,297813988,44390441,4362240,284961173,333713724,454769070,335456993,0,50383797,37995684,47176445,160603586,62772861,0,20357120,0,2908160,56743369,20357288,1122091393,0.62848
1,377487360,3.14,1,Difference,1139510524,48344023,26,340152326,0,0,83,301933114,45004812,4423680,288825449,338263323,461048236,340115816,0,51079706,38501478,47810955,162827379,63615062,0,20643840,0,2949120,57542568,20644007,1137612843,0.637139
1,382730240,3.14,1,Difference,1155491172,49020584,26,344905559,0,0,99,306156733,45630049,4485120,292952576,343068120,467504382,344869572,0,51794024,39071708,48511446,165121687,64538858,0,20930560,0,2990080,58341737,20930696,1153531975,0.646026
1,387973120,3.14,1,Difference,1171724744,49698762,26,349649141,0,0,84,310393467,46270878,4546560,297227483,348044204,473956430,349599103,0,52509236,39724221,49283676,167369925,65544313,0,21217280,0,3031040,59140969,21217448,1169787075,0.654511
1,393216000,3.14,1,Difference,1187170974,50365747,26,354363013,0,0,119,314559490,46884358,4608000,300956535,352440849,480330890,354379090,0,53239547,40112093,49816681,169665325,66287111,0,21504000,0,3072000,59940136,21504135,1185179902,0.663792
1,398458880,3.14,1,Difference,1203289759,51046121,26,359124823,0,0,84,318807852,47520088,4669440,305102063,357291499,486827583,359087729,0,53932113,40743837,50567509,171919511,67268840,0,21790720,0,3112960,60739368,21790887,1201369585,0.672487
1,403701760,3.14,1,Difference,1220098523,51757852,26,364116556,0,0,205,323293150,48159346,4730880,310546158,363436621,493719128,364084647,0,54711431,41359610,51320262,174337849,68282458,0,22077440,0,3153920,61538569,22077608,1218186498,0.682689
1,408944640,3.14,1,Difference,1235246333,52395635,26,368627930,0,0,153,327198899,48735255,4792320,313237038,366746194,499610474,368535090,0,55349389,41841222,51926000,176423639,69056680,0,22364160,0,3194880,62337936,22364495,1232786479,0.690719
1,414187520,3.14,1,Difference,1250712017,53056727,26,373274642,0,0,189,331369443,49365577,4853760,317154175,371373245,506001886,373235843,0,56056488,42439967,52649302,178692657,70008023,0,22650880,0,3235840,63136937,22651016,1248804867,0.698814
1,419430400,3.14,1,Difference,1269115544,53819473,26,378450630,0,0,155,336099761,50080608,4915200,322481158,377486008,513280887,378389044,0,56855507,43372466,53705701,181204071,71374427,0,22937600,0,3276800,63936137,22937736,1267210108,0.709041
1,424673280,3.14,1,Difference,1282748621,54408644,26,382756287,0,0,155,339818606,50629234,4976640,325498135,381105093,518907056,382722032,0,57485566,43678323,54140957,183241044,71953973,0,23224320,0,3317760,64735337,23224456,1280951930,0.716406
1,429916160,3.14,1,Difference,1299655063,55113159,26,387656092,0,0,154,344205834,51283193,5038080,330012670,386354407,525641521,387620571,0,58228711,44422678,55019248,185606204,73080331,0,23511040,0,3358720,65534537,23511176,1297691361,0.726098
1,435159040,3.14,1,Difference,1315000625,55769262,26,392299924,0,0,144,348306127,51892081,5099520,333775226,390767801,531886307,392261186,0,58920094,44916689,55641133,187818216,73906974,0,23797760,0,3399680,66333737,23797896,1313098344,0.734575
1,440401920,3.14,1,Difference,1331402187,56457815,26,397105814,0,0,158,352604815,52535496,5160960,338065611,395762392,538464147,397068462,0,59645790,45615363,56467654,190131328,74971833,0,24084480,0,3440640,67132969,24084648,1329518893,0.74364
1,445644800,3.14,1,Difference,1347275914,57126902,26,401813239,0,0,160,356788850,53162158,5222400,342226308,400612813,544847009,401777158,0,60355279,46205678,57184249,192383178,75908355,0,24371200,0,3481600,67932791,24371990,1345399489,0.753303
1,450887680,3.14,1,Difference,1363516159,57809741,26,406600093,0,0,208,361047887,53793997,5283840,346463119,405541141,551362619,406562238,0,61075542,46866618,57977267,194680855,76929779,0,24657920,0,3522560,68731368,24658087,1361556925,0.761715
1,456130560,3.14,1,Difference,1379444855,58482027,26,411325905,0,0,185,365247026,54421049,5345280,350506405,410272760,557774939,411287539,0,61784603,47487970,58726846,196944330,77900888,0,24944640,0,3563520,69530570,24944809,1377507535,0.770537
1,461373440,3.14,1,Difference,1395440625,59160935,26,416085940,0,0,132,369490047,55053195,5406720,354690341,415152041,564265076,416055058,0,62502875,48068606,59436883,199232074,78839071,0,25231360,0,3604480,70329737,25231496,1393568278,0.779377
1,466616320,3.14,1,Difference,1412929920,59888553,26,421087914,0,0,173,374019665,55735917,5468160,359411548,420616176,571224074,421052230,0,63266942,48895602,60391456,201659003,80070300,0,25518080,0,3645440,71128968,25518247,1411041012,0.788977
1,471859200,3.14,1,Difference,1426648253,60478150,26,425401873,0,0,201,377720407,56277995,5529600,362551358,424359633,576804812,425363193,0,63893894,49318241,60942905,203673085,80759558,0,25804800,0,3686400,71928136,25804935,1424691431,0.796609
1,477102080,3.14,1,Difference,1442167108,61136702,26,430058470,0,0,212,381837991,56891116,5591040,367755889,430261567,583173907,430104493,0,64625685,49906382,61668780,205932783,81693136,0,26091520,0,3727360,72727335,26091654,1440264793,0.806062
1,482344960,3.14,1,Difference,1463536137,61906025,26,435324774,0,0,186,386599597,57598531,5652480,373521764,436738354,590403073,435235219,0,65413912,51069799,62956445,208420794,83282003,0,26378240,0,3768320,73526537,26378376,1458786078,0.819034
1,487587840,3.14,1,Difference,1474131003,62480498,26,439491265,0,0,173,390244113,58152109,5713920,374853967,438719465,595904675,439456393,0,66011381,51183974,63185042,210413046,83660735,0,26664960,0,3809280,74325735,26665094,1472363500,0.822339
1,492830720,3.14,1,Difference,1491314995,63203104,26,444490726,0,0,135,394731902,58815912,5775360,379346115,443937421,602815360,444452779,0,66768591,52003877,64144588,212836901,84880007,0,26951680,0,3850240,75124937,26951816,1489399922,0.832655
1,498073600,3.14,1,Difference,1507966087,63914730,26,449398402,0,0,175,399176329,59489551,5836800,383576845,448902522,609622849,449361048,0,67518732,52263599,64524772,215211026,85528790,0,27238400,0,3891200,75924137,27238536,1506193299,0.841324
1,503316480,3.14,1,Difference,1521873010,64500127,26,453705733,0,0,133,402848983,60022394,5898240,387070917,452991124,615168205,453668563,0,68142808,53060162,65456888,217221828,86588370,0,27525120,0,3932160,76723335,27525254,1519964539,0.849529
1,508559360,3.14,1,Difference,1536104066,65110628,26,458114308,0,0,168,406680289,60589773,5959680,390429154,456983938,620961921,458077609,0,68789751,53552405,66073871,219295469,87368521,0,27811840,0,3973120,77522535,27811974,1534273485,0.857321
1,41943040,3.14,1,Difference,172904281,7739860,26,52338593,0,0,76,46398055,7696247,0,33063295,40759737,79791101,52303621,0,8047161,6036306,6120910,28485904,5957132,0,0,0,2621440,7869442,0,171115287,0.099626
1,47185920,3.14,1,Difference,194773566,8727114,26,58984293,0,0,107,52316987,8670853,0,37273231,45949452,89973182,58951032,0,9088937,6785439,6885914,32123137,6718640,0,0,0,2949120,8853122,0,192884990,0.11243
1,52428800,3.14,1,Difference,215753315,9667414,26,65382251,0,0,69,57968155,9605437,0,41169717,50780354,99720095,65373423,0,10054573,7542415,7651989,35608435,7443363,0,0,0,3276800,9836802,0,213763018,0.124206
1,57671680,3.14,1,Difference,236923205,10625475,26,71855443,0,0,79,63710054,10559728,0,44922880,55482772,109567506,71820001,0,11040160,8281547,8390304,39120144,8157989,0,0,0,3604480,10820482,0,235095008,0.135672
1,62914560,3.14,1,Difference,258921167,11608335,26,78495974,0,0,80,69564121,11517056,0,49043409,60542491,119601719,78398921,0,12048733,9031253,9153964,42687297,8898055,0,0,0,3932160,11804162,0,256454054,0.14797
1,68157440,3.14,1,Difference,279517628,12543159,26,84820566,0,0,80,75225940,12471908,0,52932927,65408014,129366005,84790366,0,13032271,9779672,9896929,46187830,9622192,0,0,0,4259840,12787842,0,277809073,0.158946
1,73400320,3.14,1,Difference,300991725,13508859,26,91343960,0,0,79,81027752,13433440,0,57008487,70457107,139339666,91321034,0,14035287,10540246,10665173,49746894,10373455,0,0,0,4587520,13771522,0,299291555,0.171151
1,78643200,3.14,1,Difference,322443320,14472663,26,97859478,0,0,122,86802356,14387132,0,60951152,75337637,149267681,97823337,0,15045678,11310978,11443282,53290698,11127913,0,0,0,4915200,14755202,0,320652597,0.182924
1,83886080,3.14,1,Difference,343723356,15431307,26,104344613,0,0,69,92554848,15342631,0,64861759,80204393,159160634,104308194,0,16025532,12044788,12182696,56822550,11843114,0,0,0,5242880,15738882,0,341943242,0.194777
1,89128960,3.14,1,Difference,365115801,16392828,26,110844361,0,0,78,98326004,16299638,0,68863067,85168741,169082826,110807867,0,17023688,12805579,12949453,60364230,12589388,0,0,0,5570560,16722562,0,363329531,0.206812
1,94371840,3.14,1,Difference,386544299,17356779,26,117356739,0,0,76,104110938,17256379,0,72875924,90132624,179028742,117319903,0,18023500,13547990,13698101,63913402,13319109,0,0,0,5898240,17706242,0,384745728,0.218679
1,99614720,3.14,1,Difference,407831936,18315140,26,123840870,0,0,80,109862666,18211281,0,76827233,95039571,188918278,123803886,0,19018663,14302458,14458492,67445208,14055110,0,0,0,6225920,18689922,0,406032879,0.230369
1,104857600,3.14,1,Difference,429248964,19276963,26,130337907,0,0,80,115638808,19170183,0,80920430,100093261,198846760,130303328,0,20018688,15053966,15213871,71008557,14792258,0,0,0,6553600,19673602,0,427477036,0.242101
1,110100480,3.14,1,Difference,450640049,20239802,26,136847784,0,0,69,121414695,20125479,0,84862742,104987072,208779252,136811121,0,21015047,15814467,15982154,74533505,15538620,0,0,0,6881280,20657282,0,448840689,0.254131
1,115343360,3.14,1,Difference,474947141,21218508,26,143513394,0,0,69,127293076,21080681,0,91670850,112742003,218878086,143475198,0,22086283,16547442,16740686,78147180,16273988,0,0,0,7208960,21640962,0,470130880,0.271479
1,120586240,3.14,1,Difference,497063505,22196394,26,150098134,0,0,78,133162985,22051933,0,96231885,118250160,228963540,150058920,0,23101384,17400746,17600922,81737811,17127351,0,0,0,7536640,22624642,0,492063134,0.283722
1,125829120,3.14,1,Difference,517879589,23142628,26,156526994,0,0,80,138846289,22992202,0,99981902,122971580,238747334,156498828,0,24087890,18054424,18261811,85234786,17751019,0,0,0,7864320,23608322,0,512858180,0.295278
1,131072000,3.14,1,Difference,536034389,24082496,26,162828588,0,0,79,144478872,23949861,0,100759557,124714205,248434607,162792274,0,25002588,18811783,19002783,88689872,18472234,0,0,0,8192000,24592002,0,534240287,0.301528
1,136314880,3.14,1,Difference,557486782,25046343,26,169343292,0,0,93,150261887,24906863,0,104833249,129740000,258377816,169304712,0,26002951,19555947,19753819,92261334,19202922,0,0,0,8519680,25575682,0,555637382,0.313579
1,141557760,3.14,1,Difference,578979328,26010564,26,175864018,0,0,69,156047818,25862919,0,108898844,134761184,268329826,175827105,0,27004821,20336511,20543629,95792292,19971576,0,0,0,8847360,26559362,0,577050947,0.325848
1,146800640,3.14,1,Difference,600206153,26967745,26,182332117,0,0,69,161796667,26819680,0,112815935,139636327,278210032,182297324,0,27996684,21082497,21291810,99317678,20698244,0,0,0,9175040,27543042,0,598413137,0.337192
1,152043520,3.14,1,Difference,621793908,27936753,26,188871696,0,0,69,167614979,27783454,0,116956015,144740934,288214195,188839829,0,29002841,21861617,22077402,102884699,21469845,0,0,0,9502720,28526722,0,620012738,0.349289
1,157286400,3.14,1,Difference,643080740,28895223,26,195363279,0,0,146,173361745,28731250,0,120822022,149552179,298096967,195326330,0,30003820,22588478,22811109,106407636,22174270,0,0,0,9830400,29510402,0,641158525,0.360994
1,162529280,3.14,1,Difference,664392774,29861382,26,201894326,0,0,79,179155397,29689354,0,124903573,154596377,308066467,201860350,0,31001198,23329624,23569873,109998641,22914367,0,0,0,10158080,30494082,0,662537373,0.373922
1,167772160,3.14,1,Difference,685764815,30815339,26,208339429,0,0,69,184888080,30646817,0,128826366,159472931,317910329,208301762,0,31988370,24101609,24334535,113488643,23658035,0,0,0,10485760,31477762,0,683952415,0.384717
1,173015040,3.14,1,Difference,709250999,31840394,26,215160249,0,0,78,191043268,31667068,0,134091609,165765597,328485426,215133633,0,33053462,25133229,25374221,117232433,24742183,0,0,0,10813440,32461442,0,707473951,0.398082
1,178257920,3.14,1,Difference,728411702,32735752,26,221326290,0,0,90,196416938,32557056,0,136805624,169366257,337735158,221292774,0,33992772,25588241,25833463,120570904,25112724,0,0,0,11141120,33445122,0,726616373,0.408861
1,183500800,3.14,1,Difference,750394778,33715816,26,227948489,0,0,69,202251068,33510613,0,140947932,174439663,347728218,227844919,0,34986616,26334218,26590221,124123080,25846863,0,0,0,11468800,34428802,0,747948571,0.421018
1,188743680,3.14,1,Difference,771508803,34664098,26,234349432,0,0,69,207984673,34475993,0,144992716,179470211,357608261,234300188,0,35981600,27131727,27384705,127650324,26627471,0,0,0,11796480,35412482,0,769582763,0.432352
1,193986560,3.14,1,Difference,792624681,35623035,26,240839178,0,0,69,213745307,35429473,0,148857103,184288002,367525710,240803918,0,36978236,27849060,28111860,131197972,27330384,0,0,0,12124160,36396162,0,790812559,0.44412
1,199229440,3.14,1,Difference,814059348,36585062,26,247343220,0,0,91,219519190,36386890,0,152881068,189267695,377451349,247305845,0,37975919,28615981,28884947,134740354,28082188,0,0,0,12451840,37379842,0,812204234,0.456219
1,204472320,3.14,1,Difference,835134446,37511446,26,253665695,0,0,69,225080757,37307862,0,157118465,194434106,387025860,253630273,0,38938269,29800166,30074541,138178037,29217106,0,0,0,12779520,38363522,0,833324110,0.467836
1,209715200,3.14,1,Difference,859322183,38487180,26,260309305,0,0,78,230944025,38261533,0,164037480,202297557,397109606,260288223,0,40009233,30623711,30923592,141787366,30041939,0,0,0,13107200,39347202,0,854713226,0.485716
1,214958080,3.14,1,Difference,878061422,39432940,26,266661950,0,0,69,236609367,39217135,0,165290594,204508692,406849534,266624221,0,40932700,31419803,31708101,145276781,30803815,0,0,0,13434880,40330882,0,876131422,0.491733
1,220200960,3.14,1,Difference,899222286,40384068,26,273103203,0,0,69,242320628,40166983,0,169207935,209374638,416669510,273066617,0,41918143,32226367,32518007,148765167,31585311,0,0,0,13762560,41314562,0,897419078,0.503287
1,225443840,3.14,1,Difference,920662364,41336875,26,279554527,0,0,76,248047137,41116964,0,173400985,214517431,426514254,279525200,0,42910772,33079388,33374952,152285275,32416237,0,0,0,14090240,42298242,0,918751242,0.515395
1,230686720,3.14,1,Difference,944795406,42316561,26,286227672,0,0,80,253930327,42071696,0,180264249,222348832,436632912,286205008,0,43987808,33888998,34214610,155912569,33230970,0,0,0,14417920,43281922,0,940161176,0.532882
1,235929600,3.14,1,Difference,963153104,43225772,26,292390527,0,0,93,259377204,42992754,0,181734348,224727321,446009819,292354444,0,44869492,35118666,35428584,159281458,34389613,0,0,0,14745600,44265602,0,961340295,0.53885
1,241172480,3.14,1,Difference,984719183,44188534,26,298899389,0,0,92,265156232,43949927,0,185935963,229886339,455945628,298864088,0,45871222,35936263,36252979,162832445,35192848,0,0,0,15073280,45249282,0,982819457,0.550849
1,246415360,3.14,1,Difference,1005904256,45140672,26,305350003,0,0,69,270871048,44897539,0,189853723,234752031,465775090,305316124,0,46858046,36736621,37058923,166323067,35969437,0,0,0,15400960,46232962,0,1004032773,0.562614
1,251658240,3.14,1,Difference,1027318163,46101459,26,311843051,0,0,79,276635884,45854454,0,193874053,239729275,475684912,311805663,0,47852262,37585264,37912359,169859833,36801701,0,0,0,15728640,47216642,0,1025525238,0.574453
1,256901120,3.14,1,Difference,1048898347,47064028,26,318368969,0,0,79,282421777,46810069,0,198060252,244865833,485638508,318333137,0,48856867,38412991,38753202,173424909,37619699,0,0,0,16056320,48200322,0,1046986499,0.587064
1,262144000,3.14,1,Difference,1069988567,48013497,26,324793403,0,0,127,288116567,47754002,0,202070700,249827494,495425556,324758659,0,49841300,39173796,39514289,176919728,38349554,0,0,0,16384000,49184002,0,1068128458,0.59926
1,267386880,3.14,1,Difference,1091313959,48969595,26,331255990,0,0,69,293855066,48710113,0,206052719,254763377,505290161,331220027,0,50830432,40033292,40375603,180433553,39188077,0,0,0,16711680,50167682,0,1089573139,0.610008
1,272629760,3.14,1,Difference,1113121877,49920150,26,337704577,0,0,69,299555664,49652449,0,210593181,260244987,515100560,337667912,0,51814851,41303659,41654482,183944802,40432322,0,0,0,17039360,51151362,0,1111325205,0.622141
1,277872640,3.14,1,Difference,1133915063,50854679,26,344073352,0,0,79,305160343,50580231,0,214477469,265056689,524740417,344028150,0,52785446,42103092,42460472,187400992,41187998,0,0,0,17367040,52135042,0,1132056359,0.633737
1,283115520,3.14,1,Difference,1155354611,51814736,26,350572183,0,0,69,310924693,51534167,0,218569618,270103276,534662236,350536340,0,53785365,42928188,43294950,190947486,41998347,0,0,0,17694720,53118722,0,1153451146,0.64604
1,288358400,3.14,1,Difference,1179379625,52784854,26,357181412,0,0,79,316757186,52483970,0,225294868,277780925,544683492,357152681,0,54846851,43687186,44076489,194537211,42752653,0,0,0,18022400,54102402,0,1174709888,0.662926
1,293601280,3.14,1,Difference,1198062697,53729749,26,363531991,0,0,135,322419440,53437952,0,226655302,280093742,554425772,363495706,0,55781587,44532596,44911462,198008757,43564255,0,0,0,18350080,55086082,0,1196149043,0.669821
1,298844160,3.14,1,Difference,1219327922,54685363,26,370001236,0,0,69,328154566,54390685,0,230613215,285004354,564290168,369965316,0,56763925,45323347,45707752,201530576,44333492,0,0,0,18677760,56069762,0,1217441334,0.681572
1,304087040,3.14,1,Difference,1240630732,55613057,26,376324479,0,0,80,333727382,55316381,0,235088577,290406805,573852739,376270591,0,57723425,46558449,46941797,204954149,45516975,0,0,0,19005440,57053442,0,1238771537,0.693729
1,309329920,3.14,1,Difference,1262599184,56592637,26,382951875,0,0,130,339562594,56267245,0,239292465,295559362,583898022,382859485,0,58741226,47363052,47765154,208538701,46313424,0,0,0,19333120,58037122,0,1260101130,0.706055
1,314572800,3.14,1,Difference,1284702989,57576687,26,389524286,0,0,69,345510347,57271838,0,243800363,301073981,594113789,389480945,0,59762526,48263486,48658987,212163513,47233724,0,0,0,19660800,59020802,0,1282862346,0.717371
1,319815680,3.14,1,Difference,1309134722,58559029,26,396181999,0,0,69,351383105,58232811,0,249681058,307831443,604176834,396083063,0,60791985,49209084,49617510,215740069,48172852,0,0,0,19988480,60004482,0,1304668347,0.733277
1,325058560,3.14,1,Difference,1328847809,59460229,26,402405997,0,0,69,356823823,59125323,0,254112622,313249999,613595039,402384843,0,61780103,49781985,50213110,219162330,48685934,0,0,0,20316160,60988162,0,1324126907,0.746025
1,330301440,3.14,1,Difference,1347423087,60401965,26,408736735,0,0,69,362466254,60077188,0,255290266,315367070,623300065,408702385,0,62697454,50627158,51047400,222653341,49494922,0,0,0,20643840,61971842,0,1345533653,0.752741
1,335544320,3.14,1,Difference,1368828300,61353966,26,415180350,0,0,69,368179023,61027449,0,259443324,320470240,633103258,415129255,0,63683549,51477599,51896546,226120541,50317445,0,0,0,20971520,62955522,0,1366883621,0.764096
1,340787200,3.14,1,Difference,1390778236,62318316,26,421711199,0,0,76,373964034,61978874,0,263975847,325954047,643067639,421667275,0,64684599,52722142,53156080,229681768,51550393,0,0,0,21299200,63939202,0,1388767340,0.776681
1,346030080,3.14,1,Difference,1411645932,63255696,26,428081219,0,0,80,379592803,62915274,0,267825343,330745154,652755099,428044084,0,65667755,53507030,53944499,233172490,52297937,0,0,0,21626880,64922882,0,1409742461,0.788386
1,351272960,3.14,1,Difference,1432731218,64200124,26,434491733,0,0,107,385265401,63855484,0,271827031,335674519,662500984,434450514,0,66650351,54348614,54788910,236640995,53106847,0,0,0,21954560,65906562,0,1430856263,0.799731
1,356515840,3.14,1,Difference,1454019069,65152222,26,440935264,0,0,69,390983353,64809745,0,275921385,340731229,672335823,440899175,0,67629290,55241453,55684366,240152851,53976236,0,0,0,22282240,66890242,0,1452271297,0.811467
1,361758720,3.14,1,Difference,1477042178,66182849,26,447923697,0,0,69,397196568,65787865,0,280550947,346353488,683162783,447983720,0,68719509,56090820,56604173,244016142,54893950,0,0,0,22609920,67873922,0,1474275989,0.825571
1,367001600,3.14,1,Difference,1496764273,67071515,26,453909172,0,0,69,402506249,66722688,0,283942147,350668998,692142451,453872375,0,69618466,56756157,57207181,247221395,55456756,0,0,0,22937600,68857602,0,1495087697,0.834761
1,372244480,3.14,1,Difference,1518056782,68001002,26,460262030,0,0,119,408077266,67639340,0,288347520,355988019,701743304,460225017,0,70602889,58055151,58519072,250677153,56708327,0,0,0,23265280,69841282,0,1516228309,0.847117
1,377487360,3.14,1,Difference,1539384352,68953886,26,466711026,0,0,69,413799661,68592447,0,292450398,361043840,711577643,466673621,0,71572354,58940904,59407191,254185920,57570363,0,0,0,23592960,70824962,0,1537643636,0.858939
1,382730240,3.14,1,Difference,1560882839,69918028,26,473238845,0,0,76,419581362,69545044,0,296552979,366099270,721529437,473202996,0,72575068,59751442,60230502,257743031,58368649,0,0,0,23920640,71808642,0,1558999605,0.871205
1,387973120,3.14,1,Difference,1582879154,70899831,26,479833170,0,0,137,425479706,70523207,0,300885853,371409484,731655076,479796987,0,73592778,60591421,61072909,261365233,59213954,0,0,0,24248320,72792322,0,1581070574,0.883306
1,393216000,3.14,1,Difference,1603461133,71830047,26,486172162,0,0,218,431065291,71451141,0,304581285,376032825,741262738,486134292,0,74561086,61261128,61745779,264787815,59836905,0,0,0,24576000,73776002,0,1601674061,0.894422
1,398458880,3.14,1,Difference,1624929122,72792001,26,492684629,0,0,116,436830118,72401916,0,308621044,381023497,751188600,492648178,0,75570622,62137955,62634926,268345815,60699029,0,0,0,24903680,74759682,0,1623048119,0.906757
1,403701760,3.14,1,Difference,1648278086,73815060,26,499497911,0,0,150,442969595,73391039,0,313639148,387030097,761727104,499461521,0,76618599,63106776,63611544,272065691,61714175,0,0,0,25231360,75743362,0,1646269671,0.919767
1,408944640,3.14,1,Difference,1669678737,74771255,26,505952251,0,0,199,448716769,74351668,0,317767247,392119616,771596524,505916506,0,77608767,64061544,64563705,275582268,62648742,0,0,0,25559040,76727042,0,1667922767,0.931178
1,414187520,3.14,1,Difference,1689804189,75687604,26,512220858,0,0,157,454217548,75265495,0,321186426,396453151,781065649,512184332,0,78559420,64797803,65303870,278986193,63324726,0,0,0,25886720,77710722,0,1688112351,0.942166
1,419430400,3.14,1,Difference,1713125608,76704550,26,519018911,0,0,157,460314464,76267432,0,326329353,402596603,791544586,518982585,0,79615398,65943877,66464907,282703401,64511065,0,0,0,26214400,78694402,0,1711211398,0.955855
1,424673280,3.14,1,Difference,1732885907,77600111,26,525192702,0,0,177,465685572,77156787,0,329710518,406868832,800805870,525155567,0,80546628,66722260,67250974,286045296,65207119,0,0,0,26542080,79678082,0,1730876351,0.966989
1,429916160,3.14,1,Difference,1754297705,78558543,26,531671625,0,0,116,471439686,78111975,0,333770726,411884483,810694979,531633859,0,81540152,67585310,68117863,289577732,66052745,0,0,0,26869760,80661762,0,1752391126,0.978664
1,435159040,3.14,1,Difference,1776009164,79521196,26,538168928,0,0,150,477223753,79074506,0,338149329,417223426,820632572,538133932,0,82541387,68610230,69145690,293124101,67064861,0,0,0,27197440,81645442,0,1774217919,0.990658
1,440401920,3.14,1,Difference,1797464008,80481535,26,544669628,0,0,154,482983204,80026239,0,342247275,422280519,830544398,544636456,0,83537103,69476725,70021278,296663965,67914916,0,0,0,27525120,82629122,0,1795621754,1.002686
1,445644800,3.14,1,Difference,1819011726,81445950,26,551183617,0,0,112,488770977,80985709,0,346287136,427273501,840490174,551145911,0,84535800,70241478,70791340,300211600,68665954,0,0,0,27852800,83612802,0,1817130048,1.014562
1,450887680,3.14,1,Difference,1842550282,82467927,26,557966855,0,0,150,494917027,82012902,0,351537446,433547479,851022637,557933197,0,85596699,71424885,71971340,303927726,69895528,0,0,0,28180480,84596482,0,1840809727,1.028243
1,456130560,3.14,1,Difference,1865249826,83387401,26,564343878,0,0,142,500435611,82902138,0,357772267,440698739,860537666,564316424,0,86607532,72240640,72818156,307369790,70655171,0,0,0,28508160,85580162,0,1860567334,1.044177
1,461373440,3.14,1,Difference,1884126452,84332759,26,570714062,0,0,151,506128909,83858758,0,360192439,444057339,870319317,570696841,0,87557443,73082662,73693925,311020680,71508347,0,0,0,28835840,86563842,0,1882056485,1.055439
1,466616320,3.14,1,Difference,1907360117,85356868,26,577507937,0,0,169,512245825,84876200,0,364117239,448994912,880831097,577472239,0,88592562,74178237,74752118,314574222,72608088,0,0,0,29163520,87547522,0,1905463811,1.063647
1,471859200,3.14,1,Difference,1927240043,86280532,26,583815234,0,0,167,517792030,85796697,0,367288458,453084939,890374291,583779065,0,89554423,74421900,74999367,317999994,72798776,0,0,0,29491200,88531202,0,1925319152,1.074551
1,477102080,3.14,1,Difference,1946993038,87175665,26,589988516,0,0,201,523161254,86683698,0,370669128,457354896,899630857,589950772,0,90484280,75272099,75858223,321344494,73567205,0,0,0,29818880,89514882,0,1945067284,1.086935
1,482344960,3.14,1,Difference,1968313207,88129696,26,596433597,0,0,182,528893523,87641232,0,374682687,462322833,909476929,596395854,0,91472216,76125617,76710075,324855907,74398046,0,0,0,30146560,90498562,0,1966565469,1.097038
1,487587840,3.14,1,Difference,1990171686,89099260,26,602976082,0,0,139,534715655,88605055,0,379122304,467727455,919484021,602940398,0,92480740,77043430,77634162,328423382,75309322,0,0,0,30474240,91482242,0,1988336963,1.109084
1,492830720,3.14,1,Difference,2011169892,90044943,26,609401213,0,0,168,540385355,89541438,0,382936287,472478875,929242607,609363190,0,93459926,77883243,78483061,331919037,76117505,0,0,0,30801920,92465922,0,2009361749,1.121123
1,498073600,3.14,1,Difference,2032574963,91006610,26,615900897,0,0,139,546156785,90499049,0,386954655,477454596,939166852,615863241,0,94457238,78647337,79252965,335461250,76866730,0,0,0,31129600,93449602,0,2030766688,1.132959
1,503316480,3.14,1,Difference,2054136059,91966292,26,622401553,0,0,149,551914538,91449814,0,391182420,482633893,949073012,622364151,0,95454875,79578066,80193604,339001796,77780605,0,0,0,31457280,94433282,0,2052215889,1.145248
1,508559360,3.14,1,Difference,2074055791,92887717,26,628699126,0,0,127,557444532,92367380,0,394350166,486717966,958592703,628661988,0,96412722,79949423,80570587,342422826,78096816,0,0,0,31784960,95416962,0,2072150670,1.156258
1,41943040,3.14,1,Difference,814113285,49468427,26,380378807,0,0,59,297011907,6821944,0,61181921,68003806,365715729,380341365,0,54175283,11028316,95738811,190611089,145113652,0,0,0,0,0,0,812227721,0.456468
1,47185920,3.14,1,Difference,915808211,55645354,26,427865853,0,0,59,334107588,7678109,0,68866899,76545344,411355204,427818497,0,60937250,12398696,107685798,214400631,163236800,0,0,0,0,0,0,913919961,0.512299
1,52428800,3.14,1,Difference,1017229334,61822295,26,475380240,0,0,47,371201515,8525231,0,76283984,84808903,457031821,475344788,0,67703961,13776613,119656056,238222732,181372744,0,0,0,0,0,0,1015280076,0.569003
1,57671680,3.14,1,Difference,1119227644,68008292,26,522914111,0,0,41,408351555,9389584,0,84069538,93459029,502767640,522873025,0,74472809,15225207,131681762,262046429,199583801,0,0,0,0,0,0,1117240448,0.625529
1,62914560,3.14,1,Difference,1220588403,74177299,26,570391011,0,0,59,445389373,10227046,0,91685903,101920498,548327688,570336622,0,81233561,16494244,143536850,285820741,217596688,0,0,0,0,0,0,1218317117,0.682355
1,68157440,3.14,1,Difference,1321633697,80345486,26,617826859,0,0,59,482447216,11079575,0,98819916,109902067,593928375,617793740,0,87984357,17867464,155489948,309608044,235720685,0,0,0,0,0,0,1319839112,0.737953
1,73400320,3.14,1,Difference,1423245739,86523451,26,665332621,0,0,47,519545466,11932183,0,106351836,118291440,639590303,665294950,0,94748047,19265982,167471397,333413462,253874390,0,0,0,0,0,0,1421396040,0.794384
1,78643200,3.14,1,Difference,1524609779,92693320,26,712788002,0,0,58,556603308,12781601,0,113831408,126613420,685178103,712751115,0,101503437,20621360,179405094,357193613,271977231,0,0,0,0,0,0,1522881102,0.850581
1,83886080,3.14,1,Difference,1626278276,98876555,26,760324798,0,0,46,593735283,13635797,0,121445820,135084179,730907036,760296903,0,108275317,22003519,191376168,381026320,290122663,0,0,0,0,0,0,1624478081,0.907257
1,89128960,3.14,1,Difference,1727758392,105052026,26,807817184,0,0,47,630816538,14486562,0,128874608,143361851,776537075,807779258,0,115034383,23377171,203331480,404820156,308248087,0,0,0,0,0,0,1725958872,0.963882
1,94371840,3.14,1,Difference,1829192376,111223707,26,855277039,0,0,59,667887063,15339336,0,136385513,151725393,822143362,855239976,0,121791202,24770367,215301363,428605675,326392152,0,0,0,0,0,0,1827534969,1.020203
1,99614720,3.14,1,Difference,1930723690,117397272,26,902760528,0,0,46,704962669,16187778,0,143957950,160141246,867768002,902725457,0,128888523,26104049,227553235,453738297,344811670,0,0,0,0,0,0,1928961062,1.079237
1,104857600,3.14,1,Difference,2032442092,123582141,26,950313063,0,0,59,742098496,17041355,0,151571342,168614173,913502273,950276061,0,135324663,27489989,239193688,476231760,362624803,0,0,0,0,0,0,2030565261,1.132894
1,110100480,3.14,1,Difference,2133900180,129756922,26,997807171,0,0,59,779188300,17891536,0,159400040,177325077,959161963,997789470,0,142098576,28893830,251184609,500045289,380785360,0,0,0,0,0,0,2132033936,1.189711
1,115343360,3.14,1,Difference,2235497328,135937086,26,1045315741,0,0,41,816293413,18747492,0,166543345,185291929,1004826192,1045278242,0,148849916,30320681,263190613,523845450,398966397,0,0,0,0,0,0,2233662448,1.245849
1,120586240,3.14,1,Difference,2342039657,142137671,26,1093053452,0,0,58,853535552,19594099,0,178706037,198301413,1050725049,1093018134,0,155730667,31718486,275200365,547750309,417143297,0,0,0,0,0,0,2335080673,1.305039
1,125829120,3.14,1,Difference,2438460901,148285679,26,1140287812,0,0,42,890453526,20447105,0,181622065,202068456,1096090883,1140253406,0,162372402,33085809,287122369,571439293,435236547,0,0,0,0,0,0,2436630467,1.358649
1,131072000,3.14,1,Difference,2539964129,154462610,26,1187787394,0,0,56,927545752,21297769,0,189083666,210381008,1141741596,1187748796,0,169135037,34373390,298992599,595240850,453278064,0,0,0,0,0,0,2538131049,1.415004
1,136314880,3.14,1,Difference,2641483774,160639066,26,1235282318,0,0,47,964639035,22149726,0,196636114,218786531,1187396299,1235245794,0,175896908,35791898,310993996,619044763,471451428,0,0,0,0,0,0,2639674812,1.471398
1,141557760,3.14,1,Difference,2742965765,166815038,26,1282775626,0,0,46,1001729377,23001522,0,204112861,227113574,1233042575,1282737846,0,182659141,37105789,322889922,642844838,489518967,0,0,0,0,0,0,2741185319,1.527576
1,146800640,3.14,1,Difference,2844964761,173005401,26,1330341949,0,0,47,1038903247,23866785,0,211886903,235753908,1278831318,1330303427,0,189436224,38585898,334953676,666689992,507767439,0,0,0,0,0,0,2843162078,1.584496
1,152043520,3.14,1,Difference,2946517421,179183092,26,1377846480,0,0,59,1076004137,24720064,0,219446484,244167930,1324498947,1377809767,0,196201822,39995288,346946123,690497009,525932429,0,0,0,0,0,0,2944698510,1.640713
1,157286400,3.14,1,Difference,3047732627,185344307,26,1425255345,0,0,47,1113011064,25562724,0,226887101,252450046,1369999231,1425219695,0,202949973,41336649,358865417,714249326,544013139,0,0,0,0,0,0,3045963254,1.696508
1,162529280,3.14,1,Difference,3149092208,191519442,26,1472755053,0,0,47,1150088008,26407812,0,234241315,260650528,1415635359,1472717681,0,209708736,42663549,370779966,738052408,562093449,0,0,0,0,0,0,3147283652,1.753167
1,167772160,3.14,1,Difference,3250878503,197699866,26,1520275896,0,0,58,1187188830,27259199,0,241876811,269131582,1461284277,1520205630,0,216471778,43989647,382685927,761842054,580169653,0,0,0,0,0,0,3248788761,1.809431
1,173015040,3.14,1,Difference,3352273452,203879809,26,1567795158,0,0,46,1224312561,28112809,0,249327885,277441185,1507014134,1567758255,0,223242640,45410165,394697192,785685367,598355621,0,0,0,0,0,0,3350387389,1.867344
1,178257920,3.14,1,Difference,3453890346,210051788,26,1615266090,0,0,58,1261381867,28963392,0,257033590,285997442,1552621924,1615229536,0,230004487,46765273,406632614,809472499,616460727,0,0,0,0,0,0,3451883342,1.922679
1,183500800,3.14,1,Difference,3555225671,216227648,26,1662757836,0,0,46,1298470444,29815099,0,264360814,294176117,1598269537,1662720786,0,236762965,48232660,418682624,833273570,634682016,0,0,0,0,0,0,3553403669,1.978948
1,188743680,3.14,1,Difference,3659611289,222433068,26,1710444000,0,0,47,1335715400,30681649,0,273438753,304042854,1644151385,1710359438,0,243565092,49628808,430667108,857139327,652852236,0,0,0,0,0,0,3655395501,2.03908
1,193986560,3.14,1,Difference,3758193157,228579362,26,1757741106,0,0,41,1372649569,31518430,0,279384359,310905323,1689563254,1757705777,0,250285198,50843190,442457784,880877005,670800403,0,0,0,0,0,0,3756453119,2.091571
1,199229440,3.14,1,Difference,3859794393,234757241,26,1805245262,0,0,46,1409746297,32370980,0,286869864,319238704,1735221864,1805205693,0,257049890,52218627,454416302,904679446,688931206,0,0,0,0,0,0,3857993288,2.147975
1,204472320,3.14,1,Difference,3963441105,240920900,26,1852686934,0,0,59,1446761730,33205384,0,296793550,330000296,1780756565,1852655292,0,263802589,56490633,469276582,928453523,709945578,0,0,0,0,0,0,3961545159,2.205985
1,209715200,3.14,1,Difference,4065209284,247090568,26,1900143784,0,0,59,1483816368,34055095,0,304620743,338671716,1826327415,1900098903,0,270556089,58285770,481648727,952223313,728485908,0,0,0,0,0,0,4063334241,2.262135
1,214958080,3.14,1,Difference,4168034956,253300087,26,1947813914,0,0,58,1521100805,34934221,0,312967923,347901576,1872316330,1947776522,0,277353455,60094936,494046818,976135690,747084070,0,0,0,0,0,0,4166124126,2.319765
1,220200960,3.14,1,Difference,4268831520,259441775,26,1995127405,0,0,58,1557989185,35756112,0,320301965,356057772,1917623447,1995091682,0,284081096,61869068,506399862,999831429,765578219,0,0,0,0,0,0,4267029701,2.375453
1,225443840,3.14,1,Difference,4370659529,265616261,26,2042614595,0,0,46,1595067123,36604670,0,328162554,364767225,1963251726,2042577436,0,290841203,63692625,518806780,1023627418,784153721,0,0,0,0,0,0,4368836191,2.431948
1,230686720,3.14,1,Difference,4474861502,271806984,26,2090250447,0,0,41,1632246976,37455019,0,338279168,375657245,2009025319,2090184314,0,297648632,65478258,531186462,1047468294,802701726,0,0,0,0,0,0,4470727818,2.4921
1,235929600,3.14,1,Difference,4576625468,277969006,26,2137636410,0,0,47,1669201145,38293464,0,346063246,384355376,2054471932,2137539863,0,304357721,69915057,546200381,1071209189,823874848,0,0,0,0,0,0,4574484047,2.546682
1,241172480,3.14,1,Difference,4677979896,284124229,26,2184998940,0,0,46,1706216266,39138417,0,353828412,392966923,2099996709,2184962357,0,311108337,71605850,558469104,1094972766,842308909,0,0,0,0,0,0,4676152094,2.60279
1,246415360,3.14,1,Difference,4779763057,290297260,26,2232475501,0,0,58,1743288559,39988292,0,361654848,401643237,2145613391,2232438899,0,317867724,73450626,570895898,1118764240,860904557,0,0,0,0,0,0,4777974617,2.65927
1,251658240,3.14,1,Difference,4883368226,296501416,26,2280133180,0,0,47,1780535632,40858235,0,370717978,411574887,2191518639,2280083471,0,324669355,75291584,583325517,1142646491,879524354,0,0,0,0,0,0,4880503119,2.717878
1,256901120,3.14,1,Difference,4983421586,302646266,26,2327456244,0,0,58,1817455017,41685928,0,377552890,419239676,2236913510,2327442530,0,331396174,76959222,595575359,1166375061,897922080,0,0,0,0,0,0,4981593077,2.772761
1,262144000,3.14,1,Difference,5085205635,308816234,26,2374903202,0,0,46,1854507982,42537680,0,385257988,427800699,2282465080,2374866864,0,338145902,78741899,607930959,1190136836,916448656,0,0,0,0,0,0,5083434701,2.828357
1,267386880,3.14,1,Difference,5187305939,315002899,26,2422464799,0,0,46,1891655287,43393706,0,393226158,436621343,2328219434,2422428277,0,344919541,80619168,620397689,1213976753,935090455,0,0,0,0,0,0,5185412061,2.885572
1,272629760,3.14,1,Difference,5290702926,321154507,26,2469833404,0,0,59,1928597589,44220803,0,402981744,447203837,2373620876,2469795326,0,351654534,84989446,635349629,1237702813,956189926,0,0,0,0,0,0,5288918262,2.942941
1,277872640,3.14,1,Difference,5392690090,327328901,26,2517310238,0,0,59,1965683639,45076222,0,411016502,456093041,2419254274,2517274875,0,358418516,86780075,647719262,1261495983,974733238,0,0,0,0,0,0,5390911836,2.999483
1,283115520,3.14,1,Difference,5494637750,333507661,26,2564833016,0,0,41,2002782939,45923245,0,418938776,464862495,2464929171,2564796258,0,365181364,88621826,660150224,1285314131,993331651,0,0,0,0,0,0,5492715363,3.056445
1,288358400,3.14,1,Difference,5596466454,339684819,26,2612332385,0,0,59,2039879660,46775612,0,426846554,473622438,2510587944,2612295598,0,371946644,90382801,672493503,1309116823,1011847638,0,0,0,0,0,0,5594632316,3.113109
1,293601280,3.14,1,Difference,5698474273,345865116,26,2659844035,0,0,59,2076994047,47632019,0,434677744,482309827,2556276885,2659807126,0,378710670,92224290,684916979,1332929765,1030447162,0,0,0,0,0,0,5696683703,3.169473
1,298844160,3.14,1,Difference,5799890957,352028845,26,2707276580,0,0,59,2114009728,48471031,0,442304391,490776560,2601800828,2707239486,0,385460372,93881261,697156931,1356694277,1048845733,0,0,0,0,0,0,5798092527,3.227164
1,304087040,3.14,1,Difference,5903886653,358198786,26,2754743126,0,0,47,2151062886,49316140,0,452436995,501753146,2647387631,2754704765,0,392217063,98245665,712104820,1380477645,1069957777,0,0,0,0,0,0,5902055199,3.283681
1,309329920,3.14,1,Difference,6005886680,364378949,26,2802258278,0,0,47,2188178341,50171281,0,460370111,510542015,2693080951,2802222734,0,398983966,100072063,724514559,1404294413,1088543099,0,0,0,0,0,0,6004068740,3.340387
1,314572800,3.14,1,Difference,6107350460,370541056,26,2849682578,0,0,41,2225183292,51008970,0,468042157,519051862,2738585852,2849645025,0,405730712,101975500,737000499,1428053767,1107185999,0,0,0,0,0,0,6105533856,3.396672
1,319815680,3.14,1,Difference,6209110925,376713790,26,2897159075,0,0,59,2262252522,51857278,0,475865738,527724234,2784199960,2897122330,0,412490464,103697472,749305402,1451843771,1125658623,0,0,0,0,0,0,6207303666,3.453189
1,325058560,3.14,1,Difference,6311326075,382890954,26,2944692664,0,0,59,2299381245,52706046,0,485394716,538213899,2829953235,2944724781,0,419305408,105603893,761810885,1475704161,1144334203,0,0,0,0,0,0,6309151386,3.511746
1,330301440,3.14,1,Difference,6415669508,389087919,26,2992327494,0,0,46,2336573788,53564849,0,494374132,547951179,2875739604,2992307704,0,426092118,107337053,774130316,1499538510,1162830049,0,0,0,0,0,0,6411261693,3.57163
1,335544320,3.14,1,Difference,6514609392,395238483,26,3039636415,0,0,48,2373497597,54403668,0,499458585,553862978,2921112279,3039599553,0,432774896,109049957,786411380,1523244339,1181269830,0,0,0,0,0,0,6512710016,3.623337
1,340787200,3.14,1,Difference,6618933417,401419342,26,3087153762,0,0,58,2410616037,55259633,0,509704918,564965127,2966807442,3087118110,0,439542199,113404695,801348995,1547059919,1202383364,0,0,0,0,0,0,6617044817,3.681245
1,346030080,3.14,1,Difference,6720445924,407580904,26,3134582100,0,0,59,2447618891,56094999,0,517472765,573563515,3012306049,3134539358,0,446291617,115192626,813719818,1570812631,1220908846,0,0,0,0,0,0,6718400949,3.737529
1,351272960,3.14,1,Difference,6822898486,413768219,26,3182115937,0,0,59,2484769338,56960591,0,525709713,582673038,3058041137,3182067562,0,453063716,117101969,826206228,1594635350,1239581210,0,0,0,0,0,0,6820851518,3.794316
1,356515840,3.14,1,Difference,6923960977,419928138,26,3229541608,0,0,46,2521766729,57792836,0,533009034,590801218,3103554009,3229503585,0,459808655,118800544,838494297,1618406234,1258021461,0,0,0,0,0,0,6922027697,3.850729
1,361758720,3.14,1,Difference,7025746882,426095722,26,3277008444,0,0,59,2558841538,58638063,0,542168229,600891928,3149204377,3277036633,0,466607235,120669955,850956190,1642230194,1276649380,0,0,0,0,0,0,7023767736,3.909705
1,367001600,3.14,1,Difference,7130122763,432285046,26,3324627347,0,0,41,2595991527,59486029,0,551550066,611076126,3194926682,3324605326,0,473398327,122436197,863312796,1666050236,1295172326,0,0,0,0,0,0,7125469190,3.968558
1,372244480,3.14,1,Difference,7231302162,438435714,26,3371913591,0,0,59,2632917111,60330687,0,558721840,619052616,3240293303,3371876403,0,480075359,126791455,878229737,1689745618,1316253753,0,0,0,0,0,0,7229496093,4.02104
1,377487360,3.14,1,Difference,7336050836,444636770,26,3419623591,0,0,46,2670161954,61182844,0,569460770,630645313,3286213482,3419597717,0,486922379,128534728,890582209,1713654540,1334778009,0,0,0,0,0,0,7331315287,4.082914
1,382730240,3.14,1,Difference,7435174431,450793979,26,3466942371,0,0,58,2707128703,62036177,0,574506450,637671090,3331727932,3466976857,0,493637782,130372438,902989394,1737404352,1353356946,0,0,0,0,0,0,7433287477,4.135558
1,387973120,3.14,1,Difference,7536839801,456961843,26,3514386264,0,0,46,2744174464,62884212,0,582319570,645204085,3377217818,3514349765,0,500360323,132182836,915370638,1761145676,1371905209,0,0,0,0,0,0,7535055636,4.190769
1,393216000,3.14,1,Difference,7638361412,463129261,26,3561838122,0,0,59,2781210688,63724990,0,589992748,653719913,3422777032,3561800644,0,507113080,133925827,927696301,1784920376,1390393271,0,0,0,0,0,0,7636590642,4.247333
1,398458880,3.14,1,Difference,7740327529,469304143,26,3609318368,0,0,59,2818301829,64581667,0,598039531,662617402,3468417871,3609283515,0,513878659,135570937,939920032,1808715539,1408791871,0,0,0,0,0,0,7738534532,4.303493
1,403701760,3.14,1,Difference,7842163605,475479630,26,3656826667,0,0,73,2855375723,65421597,0,605816721,671238847,3514055680,3656789844,0,520635421,137574617,952515191,1832523090,1427548372,0,0,0,0,0,0,7840271004,4.361844
1,408944640,3.14,1,Difference,7945109465,481659977,26,3704356408,0,0,162,2892493636,66276443,0,614655043,680931783,3559744506,3704317880,0,527415639,139293272,964817645,1856335084,1446023808,0,0,0,0,0,0,7942391707,4.418568
1,414187520,3.14,1,Difference,8046203749,487830554,26,3751813050,0,0,73,2929549294,67122583,0,621911844,689034083,3605342269,3751776080,0,534160085,141113978,977221042,1880124081,1464594718,0,0,0,0,0,0,8044298044,4.474168
1,419430400,3.14,1,Difference,8147912778,493995309,26,3799234705,0,0,73,2966577219,67969940,0,629819258,697791796,3650877054,3799199622,0,540909560,142860143,989543501,1903885808,1483083567,0,0,0,0,0,0,8146200607,4.530117
1,424673280,3.14,1,Difference,8250186560,500169364,26,3846727482,0,0,136,3003648184,68817170,0,638111549,706929893,3696484757,3846678060,0,547672195,144734975,1002001423,1927673576,1501707323,0,0,0,0,0,0,8248180322,4.587019
1,429916160,3.14,1,Difference,8352356081,506349079,26,3894243676,0,0,69,3040764164,69670469,0,646295117,715965439,3742189903,3894207310,0,554439521,146623224,1014476295,1951498129,1520356295,0,0,0,0,0,0,8350462812,4.64394
1,435159040,3.14,1,Difference,8456849609,512534799,26,3941863012,0,0,58,3077920634,70514368,0,656943935,727464946,3787954683,3941835287,0,561267735,148414375,1026870090,1975353969,1538912694,0,0,0,0,0,0,8452245394,4.705931
1,440401920,3.14,1,Difference,8556152589,518692233,26,3989192390,0,0,47,3114884489,71359878,0,662169114,733529778,3833392078,3989153695,0,567951551,150258138,1039280249,1999075454,1557489625,0,0,0,0,0,0,8554233044,4.757542
1,445644800,3.14,1,Difference,8658257825,524869986,26,4036690105,0,0,62,3151982252,72215307,0,670213193,742426355,3879036483,4036638390,0,574712655,151983983,1051585249,2022870744,1575968285,0,0,0,0,0,0,8656354202,4.813811
1,450887680,3.14,1,Difference,8760271271,531040713,26,4084159992,0,0,69,3189048661,73063053,0,678436917,751500291,3924658101,4084124172,0,581476363,153866280,1064051658,2046667589,1594602852,0,0,0,0,0,0,8758375376,4.870623
1,456130560,3.14,1,Difference,8862256149,537215572,26,4131654182,0,0,160,3226125202,73909503,0,686405303,760316773,3970291236,4131617403,0,588235724,155664915,1076436718,2070469113,1613154091,0,0,0,0,0,0,8860306515,4.927727
1,461373440,3.14,1,Difference,8964270947,543386420,26,4179107093,0,0,73,3263191397,74762463,0,694622388,769401224,4015902777,4179084681,0,594997145,157440046,1088789742,2094258466,1631681062,0,0,0,0,0,0,8962464539,4.984535
1,466616320,3.14,1,Difference,9066058796,549559060,26,4226590346,0,0,73,3300257262,75607644,0,702364609,777974517,4061503292,4226555968,0,601750219,159200220,1101134153,2118043069,1650189009,0,0,0,0,0,0,9064274195,5.040484
1,471859200,3.14,1,Difference,9165163910,555710702,26,4273968267,0,0,73,3337199870,76432263,0,707862257,784293567,4106906520,4273932584,0,608490028,159687261,1112205578,2141772213,1667405394,0,0,0,0,0,0,9163216249,5.095662
1,477102080,3.14,1,Difference,9266259899,561876922,26,4321408932,0,0,73,3374228271,77274603,0,715060766,792335353,4152451953,4321372006,0,615239840,161178280,1124278446,2165541951,1685640096,0,0,0,0,0,0,9264408809,5.151918
1,482344960,3.14,1,Difference,9368421282,568071645,26,4369003595,0,0,159,3411427124,78142756,0,722914744,801056741,4198286585,4368966573,0,622021525,162664410,1136350739,2189404387,1703898970,0,0,0,0,0,0,9366522758,5.208701
1,487587840,3.14,1,Difference,9469922285,574233514,26,4416423432,0,0,48,3448438528,78982755,0,730765902,809748903,4243797608,4416388041,0,628772612,164392757,1148658860,2213160782,1722367661,0,0,0,0,0,0,9468047170,5.264792
1,492830720,3.14,1,Difference,9572764641,580445417,26,4464095963,0,0,69,3485735214,79869267,0,739006815,818878122,4289780804,4464048465,0,635570801,165721034,1160567780,2237057985,1740482373,0,0,0,0,0,0,9570718089,5.321865
1,498073600,3.14,1,Difference,9672695348,586569424,26,4511328543,0,0,69,3522519541,80668970,0,745790129,826460496,4334930071,4511292880,0,642278536,167584369,1173015835,2260714097,1759050719,0,0,0,0,0,0,9670895717,5.377443
1,503316480,3.14,1,Difference,9773949737,592735653,26,4558774250,0,0,46,3559549318,81510910,0,753163196,834674162,4380477863,4558737437,0,649031344,169121032,1185136293,2284486098,1777331425,0,0,0,0,0,0,9772142855,5.433834
1,508559360,3.14,1,Difference,9872507971,598884525,26,4606121710,0,0,74,3596486000,82341105,0,758276293,840613499,4425867283,4606099013,0,655771268,169286770,1195880972,2308211744,1794226594,0,0,0,0,0,0,9870741284,5.488314
1,41943040,3.14,1,Difference,22008440914,41996257,26,335926854,0,0,5,168025489,607,0,21378386384,21378385377,294042775,335874605,0,42012497,1597,83928721,13478324865,125873657,0,0,0,0,0,0,22006330080,12.230634
1,47185920,3.14,1,Difference,24753845436,47240748,26,377886223,0,0,5,189007817,613,0,24045180664,24045181122,330763817,377837322,0,47264363,1597,94416512,15152466203,141604681,0,0,0,0,0,0,24751420744,13.755895
1,52428800,3.14,1,Difference,27510489905,52481586,26,419820947,0,0,5,209998761,1117,0,26723641588,26723680914,367575982,419875111,0,52521987,1597,104918239,16856395617,157353011,0,0,0,0,0,0,27508633687,15.288282
1,57671680,3.14,1,Difference,30265771066,57724225,26,461752802,0,0,5,230936187,612,0,29399818703,29399837309,404142390,461703877,0,57741262,1597,115385846,18548803639,173059947,0,0,0,0,0,0,30263699388,16.817925
1,62914560,3.14,1,Difference,33011429797,62966562,26,503691965,0,0,5,251913321,615,0,32066941228,32066943336,440860484,503659272,0,62984554,1597,125874328,20222846984,188791651,0,0,0,0,0,0,33009519906,18.343523
1,68157440,3.14,1,Difference,35758853630,68224699,26,545763376,0,0,5,272954911,662,0,34734592678,34734516097,477649627,545673737,0,68250903,1597,136365669,21894729400,204524690,0,0,0,0,0,0,35754535369,19.87211
1,73400320,3.14,1,Difference,38514760052,73467638,26,587701813,0,0,5,293923746,612,0,37411827823,37411747453,514349539,587619480,0,73495713,1597,146852116,23592065090,220253804,0,0,0,0,0,0,38510433669,21.403262
1,78643200,3.14,1,Difference,41258448879,78695099,26,629518875,0,0,5,314818448,614,0,40077950268,40077951203,550934215,629468335,0,78709636,1597,157328180,25266461754,235973747,0,0,0,0,0,0,41256454321,22.924849
1,83886080,3.14,1,Difference,44007380140,83938261,26,671466933,0,0,5,335800314,661,0,42748440115,42748457335,587656986,671428271,0,83957376,1597,167815970,26944797082,251704540,0,0,0,0,0,0,44005506433,24.452447
1,89128960,3.14,1,Difference,46758112997,89174987,26,713366211,0,0,5,356740483,662,0,45420490556,45420496807,624305930,713336192,0,89193745,1597,178297922,28635965315,267429792,0,0,0,0,0,0,46756326079,25.980302
1,94371840,3.14,1,Difference,49513189493,94423641,26,755346760,0,0,5,377736845,665,0,48096743113,48096743363,661052024,755308613,0,94437707,1597,188787896,30323086208,283162443,0,0,0,0,0,0,49511353837,27.511046
1,99614720,3.14,1,Difference,52266739854,99690902,26,797485783,0,0,5,398814577,960,0,50769761488,50769615211,697886382,797362949,0,99719380,1597,199283058,32012036399,298898841,0,0,0,0,0,0,52260980320,29.04405
1,104857600,3.14,1,Difference,55019743589,104913928,26,839267537,0,0,5,419705641,654,0,53445997510,53445999457,734503029,839231409,0,104930522,1597,209764531,33707410512,314624957,0,0,0,0,0,0,55017766707,30.570584
1,110100480,3.14,1,Difference,57769035443,110157840,26,881218421,0,0,5,440681715,660,0,56116690908,56116692163,771210708,881181702,0,110176793,1597,220251003,35393047917,330354215,0,0,0,0,0,0,57767011723,32.098204
1,115343360,3.14,1,Difference,60522720431,115396656,26,923133686,0,0,5,461634483,651,0,58791784542,58791784796,807873664,923097483,0,115414127,1597,230733052,37074279744,346079100,0,0,0,0,0,0,60520764217,33.628663
1,120586240,3.14,1,Difference,63262266981,120642733,26,965099228,0,0,5,482622109,612,0,61452621976,61452623999,844607869,965064886,0,120661407,1597,241222270,38753156523,361811271,0,0,0,0,0,0,63260278752,35.149947
1,125829120,3.14,1,Difference,66028268417,125881739,26,1007013202,0,0,5,503572640,615,0,64140020207,64140021110,881266482,1006978169,0,125898904,1597,251703948,40466095227,377535839,0,0,0,0,0,0,66026363418,36.686345
1,131072000,3.14,1,Difference,68775182387,131127680,26,1048977565,0,0,5,524559458,661,0,66808243003,66808246481,917997712,1048942448,0,131144221,1597,262192786,42144323710,393267557,0,0,0,0,0,0,68773278266,38.21243
1,136314880,3.14,1,Difference,71520355377,136371952,26,1090932765,0,0,5,545538915,612,0,69474770277,69474772964,954711128,1090896271,0,136390738,1597,272679786,43813309923,408997405,0,0,0,0,0,0,71518321767,39.737799
1,141557760,3.14,1,Difference,74278240191,141616161,26,1132882055,0,0,5,566515404,596,0,72153901321,72153902049,991423098,1132845160,0,141631358,1597,283166710,45519659172,424724931,0,0,0,0,0,0,74276265355,41.269861
1,146800640,3.14,1,Difference,77020548359,146872734,26,1174926517,0,0,5,587530125,662,0,74817042607,74817003678,1028158715,1174815694,0,146885189,1597,293652758,47185046717,440454728,0,0,0,0,0,0,77017360146,42.794463
1,152043520,3.14,1,Difference,79777195526,152095940,26,1216726175,0,0,5,608427862,661,0,77495707000,77495708950,1064761523,1216688318,0,152111604,1597,304131932,48881067169,456178135,0,0,0,0,0,0,79775294799,44.3244
1,157286400,3.14,1,Difference,82537197508,157338552,26,1258667767,0,0,5,629400027,662,0,80177083283,80177083886,1101462889,1258632485,0,157354898,1597,314617832,50585847929,471906944,0,0,0,0,0,0,82535283091,45.858644
1,162529280,3.14,1,Difference,85286080316,162586013,26,1300642733,0,0,5,650393849,615,0,82847249191,82847250005,1138205485,1300605541,0,162602523,1597,325107916,52268239663,487639911,0,0,0,0,0,0,85284103183,47.388323
1,167772160,3.14,1,Difference,88040785686,167820184,26,1342527581,0,0,5,671323342,594,0,85523542286,85523557236,1177300679,1344226485,0,168086680,1597,335833274,53963966786,503608170,0,0,0,0,0,0,88038965386,48.917591
1,173015040,3.14,1,Difference,90794814215,173067926,26,1384502417,0,0,5,692317879,890,0,88198779715,88198780874,1211571147,1384468004,0,173085581,1597,346076065,55644748243,519094177,0,0,0,0,0,0,90792889620,50.445521
1,178257920,3.14,1,Difference,93524500343,178316685,26,1426484438,0,0,5,713310582,594,0,90849639208,90849636837,1248296250,1426427115,0,178329661,1597,356562715,57290133234,534822937,0,0,0,0,0,0,93522319398,51.96304
1,183500800,3.14,1,Difference,96260467897,183557068,26,1468412598,0,0,5,734277376,615,0,93507064576,93507066389,1285003822,1468376060,0,183573802,1597,367050720,58950504673,550554238,0,0,0,0,0,0,96258499087,53.482225
1,188743680,3.14,1,Difference,99012968843,188796044,26,1510329628,0,0,5,755231584,935,0,96181013166,96181014280,1321669483,1510294946,0,188813061,1597,377533126,60637324637,566279808,0,0,0,0,0,0,99011071862,55.011094
1,193986560,3.14,1,Difference,1.01768E+11,194039369,26,1552272555,0,0,5,776194471,660,0,98857362710,98857361224,1358338147,1552215568,0,194053388,1597,388014460,62330133254,582005632,0,0,0,0,0,0,1.01766E+11,56.541471
1,199229440,3.14,1,Difference,1.04598E+11,199282282,26,1594218541,0,0,5,797170650,662,0,1.01608E+11,1.01608E+11,1395053714,1594169734,0,199297141,1597,398502460,63981832507,597734590,0,0,0,0,0,0,1.04595E+11,58.113581
1,204472320,3.14,1,Difference,1.07011E+11,204528612,26,1636185147,0,0,5,818165458,791,0,1.03943E+11,1.03943E+11,1431807780,1636150354,0,204545335,1597,408993983,66646956567,613469038,0,0,0,0,0,0,1.07009E+11,59.454534
1,209715200,3.14,1,Difference,1.09702E+11,209771889,26,1678131544,0,0,5,839137813,613,0,1.06556E+11,1.06556E+11,1468509436,1678095593,0,209790084,1597,419480101,68461495719,629198074,0,0,0,0,0,0,1.097E+11,60.950583
1,214958080,3.14,1,Difference,1.12402E+11,215010822,26,1720045471,0,0,5,860088373,611,0,1.09177E+11,1.09177E+11,1505171509,1720012116,0,215029862,1597,429960975,70283026697,644921338,0,0,0,0,0,0,1.124E+11,62.449531
1,220200960,3.14,1,Difference,1.15106E+11,220257311,26,1762018444,0,0,5,881082186,615,0,1.11802E+11,1.11802E+11,1541906718,1761976114,0,220274060,1597,440449953,72106316556,660653174,0,0,0,0,0,0,1.15104E+11,63.951586
1,225443840,3.14,1,Difference,1.17809E+11,225496982,26,1803933664,0,0,5,902031319,594,0,1.14427E+11,1.14427E+11,1578549558,1803882153,0,225513572,1597,450930441,73931325193,676376619,0,0,0,0,0,0,1.17807E+11,65.453348
